368.0,500,0,0,0,0,1,0,0,5,5
368.0,500,0,0,0,0,1,0,0,5,5
368.0,445.1666666666667,0,0,0,0,1,0,1,5,5
346.125,379.25,0,0,0,0,1,1,1,5,5
344.9,339.7,1,2,2,0,1,2,1,7,6
380.8333333333333,326.75,1,2,2,0,1,2,2,7,6
385.0,317.5,1,4,5,1,1,3,2,9,6
377.1875,323.25,1,5,5,0,1,4,4,10,6
354.77777777777777,328.5,1,5,6,1,1,5,5,10,6
357.15,326.4,1,6,6,0,1,6,5,11,6
380.72727272727275,321.5,2,6,6,0,1,6,7,11,7
410.3333333333333,319.1666666666667,3,6,6,0,1,6,9,11,8
427.84615384615387,324.46153846153845,3,7,7,0,1,7,10,12,8
425.60714285714283,323.75,5,7,7,0,1,7,11,12,10
415.03333333333336,333.1666666666667,5,7,8,1,1,8,12,12,10
407.3125,337.6875,5,9,9,0,2,9,13,19,15
409.55882352941177,334.47058823529414,5,10,10,0,2,10,14,20,15
412.1388888888889,321.5,8,10,10,0,2,11,14,20,18
413.1578947368421,318.36842105263156,8,12,12,0,2,12,15,22,18
419.5,318.7,8,12,13,1,2,13,16,22,18
368.0,500,0,0,0,0,1,0,0,5,5
368.0,500,0,0,0,0,1,0,0,5,5
368.0,431.1666666666667,0,0,0,0,1,0,1,5,5
397.75,364.375,0,0,0,0,1,1,2,5,5
388.3,299.8,2,0,0,0,1,2,3,5,7
405.3333333333333,277.75,2,0,0,0,1,3,4,5,7
419.0,270.5,2,1,2,1,1,4,4,6,7
439.75,252.8125,2,2,2,0,1,6,5,7,7
450.44444444444446,241.77777777777777,3,2,2,0,1,7,6,7,8
434.85,230.85,4,2,2,0,1,7,8,7,9
433.54545454545456,227.0,5,2,3,1,1,8,8,7,10
442.6666666666667,232.25,5,4,4,0,1,8,9,8,10
449.03846153846155,228.6153846153846,7,4,4,0,1,10,10,9,12
441.5,228.0,7,5,5,0,1,11,13,10,12
441.03333333333336,222.33333333333334,9,5,5,0,1,14,14,10,14
443.46875,217.375,10,6,7,1,2,16,14,16,20
449.3235294117647,210.52941176470588,11,6,7,1,2,18,16,16,21
454.52777777777777,218.25,11,6,8,2,2,18,16,16,21
466.1842105263158,234.97368421052633,11,7,10,3,2,19,16,17,21
472.3,245.65,11,8,11,3,2,20,17,18,21
468.8333333333333,255.3095238095238,11,9,11,2,2,21,17,19,21
472.04545454545456,259.47727272727275,11,10,12,2,2,22,18,20,21
473.60869565217394,261.30434782608694,12,10,13,3,2,23,18,20,22
476.0625,258.1666666666667,13,11,13,2,2,25,19,21,23
468.94,255.28,13,11,13,2,2,25,19,21,23
456.9807692307692,253.28846153846155,14,11,13,2,2,25,20,21,24
443.962962962963,254.03703703703704,14,11,13,2,2,28,22,21,24
436.75,259.35714285714283,15,11,14,3,2,29,23,21,25
436.55172413793105,264.3103448275862,15,13,15,2,2,30,23,23,25
435.31666666666666,268.93333333333334,15,14,16,2,2,31,26,24,25
436.4193548387097,270.88709677419354,16,15,17,2,3,32,26,29,31
433.84375,272.71875,16,16,18,2,3,34,26,31,31
431.95454545454544,274.43939393939394,16,19,21,2,3,34,26,33,31
368.0,500,0,0,0,0,1,0,0,5,5
368.0,500,0,0,0,0,1,0,0,5,5
368.0,431.1666666666667,0,0,0,0,1,0,1,5,5
397.75,364.375,0,0,0,0,1,1,2,5,5
388.3,299.8,2,0,0,0,1,2,3,5,7
405.3333333333333,277.75,2,0,0,0,1,3,4,5,7
419.0,270.5,2,1,2,1,1,4,4,6,7
439.75,252.8125,2,2,2,0,1,6,5,7,7
450.44444444444446,241.77777777777777,3,2,2,0,1,7,6,7,8
434.85,230.85,4,2,2,0,1,7,8,7,9
433.54545454545456,227.0,5,2,3,1,1,8,8,7,10
442.6666666666667,232.25,5,4,4,0,1,8,9,8,10
449.03846153846155,228.6153846153846,7,4,4,0,1,10,10,9,12
441.5,228.0,7,5,5,0,1,11,13,10,12
441.03333333333336,222.33333333333334,9,5,5,0,1,14,14,10,14
443.46875,217.375,10,6,7,1,2,16,14,16,20
449.3235294117647,210.52941176470588,11,6,7,1,2,18,16,16,21
454.52777777777777,218.25,11,6,8,2,2,18,16,16,21
466.1842105263158,234.97368421052633,11,7,10,3,2,19,16,17,21
472.3,245.65,11,8,11,3,2,20,17,18,21
468.8333333333333,255.3095238095238,11,9,11,2,2,21,17,19,21
472.04545454545456,259.47727272727275,11,10,12,2,2,22,18,20,21
473.60869565217394,261.30434782608694,12,10,13,3,2,23,18,20,22
476.0625,258.1666666666667,13,11,13,2,2,25,19,21,23
468.94,255.28,13,11,13,2,2,25,19,21,23
456.9807692307692,253.28846153846155,14,11,13,2,2,25,20,21,24
443.962962962963,254.03703703703704,14,11,13,2,2,28,22,21,24
436.75,259.35714285714283,15,11,14,3,2,29,23,21,25
436.55172413793105,264.3103448275862,15,13,15,2,2,30,23,23,25
435.31666666666666,268.93333333333334,15,14,16,2,2,31,26,24,25
436.4193548387097,270.88709677419354,16,15,17,2,3,32,26,29,31
433.84375,272.71875,16,16,18,2,3,34,26,31,31
431.95454545454544,274.43939393939394,16,19,21,2,3,34,26,33,31
368.0,500,0,0,0,0,1,0,0,5,5
368.0,500,0,0,0,0,1,0,0,5,5
384.3333333333333,489.5,0,0,0,0,1,1,1,5,5
404.75,426.5,0,0,0,0,1,1,1,5,5
401.6,351.6,2,0,0,0,1,2,2,5,7
406.5,318.5833333333333,4,0,0,0,1,4,3,5,9
412.5,279.0,4,0,0,0,1,5,5,5,9
418.75,278.625,4,0,0,0,1,5,6,5,9
407.27777777777777,270.94444444444446,4,0,0,0,1,6,7,5,9
377.1,264.1,4,0,0,0,1,6,8,5,9
377.1,264.1,5,0,0,0,1,6,9,5,10
352.40909090909093,268.6818181818182,5,0,0,0,1,8,10,5,10
342.4230769230769,269.2692307692308,5,0,0,0,1,9,12,5,10
328.0,266.75,5,0,0,0,1,10,16,5,10
309.43333333333334,260.6,6,0,0,0,1,13,17,5,11
308.0625,258.5,7,0,0,0,2,13,18,10,17
321.05882352941177,257.6764705882353,8,0,0,0,2,13,18,10,17
344.1111111111111,258.69444444444446,9,0,0,0,2,13,20,10,19
361.05263157894734,252.42105263157896,10,0,0,0,2,14,21,10,20
371.225,253.425,10,0,0,0,2,15,22,10,20
375.76190476190476,250.83333333333334,10,0,0,0,2,16,23,10,20
385.77272727272725,248.47727272727272,10,0,0,0,2,19,23,10,20
396.4347826086956,249.82608695652175,10,0,0,0,2,20,25,10,20
404.8958333333333,253.6875,11,0,0,0,2,22,25,10,21
416.74,254.58,11,0,0,0,2,22,27,10,21
426.3269230769231,250.55769230769232,11,0,0,0,2,23,28,10,21
426.3888888888889,246.83333333333334,11,0,0,0,2,23,28,10,21
423.57142857142856,242.5,13,0,0,0,2,24,29,10,23
421.55172413793105,239.31034482758622,14,0,0,0,2,26,30,10,24
413.3666666666667,233.06666666666666,15,0,0,0,2,26,31,10,25
405.7096774193548,234.4516129032258,15,0,0,0,3,26,32,15,30
401.046875,236.1875,15,0,0,0,3,27,32,15,30
397.3030303030303,239.4090909090909,15,0,0,0,3,28,33,15,30
397.5882352941176,243.77941176470588,15,0,0,0,3,29,34,15,30
395.5571428571429,241.2,16,0,0,0,3,30,34,15,31
398.8888888888889,238.76388888888889,17,0,0,0,3,31,35,15,31
405.35135135135135,235.7972972972973,17,0,0,0,3,32,36,15,32
410.36842105263156,237.5,18,0,0,0,3,32,37,15,33
417.46153846153845,235.7948717948718,18,0,0,0,3,33,38,15,33
418.95,233.3875,20,0,0,0,3,34,38,15,35
415.5,233.5731707317073,20,0,0,0,3,35,39,15,35
410.6309523809524,236.08333333333334,20,0,0,0,3,36,40,15,35
406.3139534883721,233.59302325581396,20,0,0,0,3,37,41,15,35
399.0113636363636,230.8181818181818,21,0,0,0,3,38,43,15,36
395.3777777777778,227.77777777777777,21,0,0,0,3,39,43,15,36
393.8804347826087,226.92391304347825,22,0,0,0,3,40,44,15,37
395.5744680851064,227.22340425531914,23,0,0,0,4,41,45,20,43
397.1979166666667,230.0625,23,0,0,0,4,41,46,20,43
401.7551020408163,231.0,24,0,0,0,4,43,47,20,44
408.3,230.01,24,0,0,0,4,43,48,20,44
413.4901960784314,227.27450980392157,24,0,0,0,4,45,49,20,44
419.6923076923077,227.0,24,0,0,0,4,45,50,20,44
424.14150943396226,230.56603773584905,24,0,0,0,4,46,50,20,44
368.0,500,0,0,0,0,1,0,0,5,5
368.0,500,0,0,0,0,1,0,0,5,5
370.3333333333333,444.0,0,0,0,0,1,1,1,5,5
404.75,386.25,0,1,1,0,1,1,1,6,5
410.0,353.7,0,2,2,0,1,2,2,7,5
395.4166666666667,332.0,0,3,3,0,1,2,2,8,5
362.5,322.0,0,3,3,0,1,3,3,8,5
362.5,322.0,0,3,3,0,1,5,4,8,5
354.77777777777777,351.55555555555554,0,3,3,0,1,5,4,8,5
368.35,370.0,0,4,4,0,1,5,4,9,5
381.6818181818182,385.09090909090907,0,4,4,0,1,7,4,9,5
381.4166666666667,393.0,0,4,4,0,1,8,5,9,5
363.4230769230769,399.6923076923077,0,4,4,0,1,8,5,9,5
348.75,405.42857142857144,0,5,6,1,1,9,5,10,5
343.96666666666664,410.4,0,6,7,1,1,11,5,11,5
354.0,414.75,0,7,8,1,1,11,5,12,5
372.7352941176471,411.79411764705884,0,8,9,1,2,12,6,18,10
388.05555555555554,405.27777777777777,0,9,11,2,2,13,6,19,10
400.10526315789474,399.44736842105266,0,10,12,2,2,15,6,20,10
405.7,396.825,0,11,13,2,2,16,7,21,10
399.92857142857144,403.45238095238096,0,12,15,3,2,16,7,22,10
399.1363636363636,409.47727272727275,0,13,15,2,2,17,7,23,10
399.4782608695652,414.9782608695652,0,15,17,2,2,18,7,24,10
406.9375,420.0208333333333,0,16,19,3,2,19,7,26,10
412.68,424.66,0,18,20,2,2,20,7,28,10
409.09615384615387,428.9423076923077,0,19,21,2,2,20,7,29,10
409.4074074074074,432.9074074074074,0,20,23,3,2,21,7,30,10
417.19642857142856,436.5892857142857,0,22,25,3,2,22,7,32,10
424.08620689655174,440.01724137931035,0,23,25,2,2,23,7,33,10
429.81666666666666,443.21666666666664,0,24,26,2,2,26,7,34,10
436.758064516129,446.2096774193548,0,25,28,3,2,27,7,35,10
436.59375,449.015625,0,25,29,4,3,27,7,40,15
438.77272727272725,451.6515151515151,0,26,30,4,3,28,7,40,15
438.55882352941177,454.13235294117646,0,27,32,5,3,29,8,42,15
437.25714285714287,456.4714285714286,0,30,35,5,3,31,8,44,15
442.15277777777777,458.68055555555554,0,31,36,5,3,31,8,46,15
444.5135135135135,460.77027027027026,0,31,37,6,3,32,8,46,15
443.5263157894737,462.75,0,33,39,6,3,33,8,48,15
443.21794871794873,464.62820512820514,0,33,40,7,3,34,8,48,15
442.925,466.0625,0,33,40,7,3,34,9,48,15
446.3170731707317,466.1463414634146,0,33,41,8,3,35,9,48,15
449.1309523809524,466.5595238095238,0,34,42,8,3,36,10,49,15
446.5232558139535,465.8139534883721,0,34,42,8,3,37,11,49,15
442.6818181818182,462.6363636363636,0,34,43,9,3,38,11,49,15
440.1,459.6,0,35,45,10,3,41,12,50,15
439.60869565217394,461.2608695652174,0,37,48,11,3,43,12,51,15
434.8936170212766,461.21276595744683,0,37,49,12,4,43,13,57,20
432.4166666666667,461.1666666666667,0,37,50,13,4,45,13,57,20
430.11224489795916,461.40816326530614,0,39,52,13,4,46,14,59,20
428.46,462.76,0,41,53,12,4,48,15,60,20
426.6666666666667,462.8235294117647,0,41,54,13,4,49,16,61,20
426.28846153846155,462.88461538461536,0,44,57,13,4,50,16,63,20
424.47169811320754,462.9433962264151,0,44,58,14,4,52,16,64,20
422.1388888888889,463.0,0,45,59,14,4,52,16,65,20
419.25454545454545,463.05454545454546,0,47,60,13,4,53,17,66,20
418.4107142857143,462.60714285714283,0,47,61,14,4,54,17,67,20
417.2894736842105,463.1578947368421,0,49,63,14,4,55,19,69,20
416.2068965517241,464.41379310344826,0,51,65,14,4,55,19,71,20
416.70338983050846,465.6271186440678,0,54,68,14,4,56,19,73,20
417.94166666666666,466.8,0,55,69,14,4,57,20,75,20
420.2295081967213,466.61475409836066,0,56,71,15,4,58,21,76,20
421.991935483871,466.43548387096774,0,57,72,15,4,60,21,77,20
422.08730158730157,466.26190476190476,0,59,74,15,5,61,21,84,25
420.6484375,466.09375,0,60,75,15,5,62,21,85,25
419.3076923076923,465.9307692307692,0,62,78,16,5,63,21,87,25
419.81060606060606,465.77272727272725,0,63,80,17,5,64,21,88,25
418.8880597014925,465.6194029850746,0,65,82,17,5,66,21,90,25
417.8382352941176,465.47058823529414,0,67,84,17,5,67,21,92,25
416.8188405797101,465.32608695652175,0,69,86,17,5,67,21,94,25
415.3285714285714,465.3857142857143,0,70,87,17,5,68,23,95,25
413.88028169014086,464.6056338028169,0,72,90,18,5,68,23,97,25
412.47222222222223,465.59722222222223,0,74,92,18,5,68,24,98,25
411.486301369863,466.56164383561645,0,75,93,18,5,69,24,99,25
410.6689189189189,467.5,0,78,96,18,5,70,24,102,25
409.36,468.41333333333336,0,78,97,19,5,71,24,103,25
408.86842105263156,468.6578947368421,0,78,98,20,5,73,25,103,25
368.0,500,0,0,0,0,1,0,0,5,5
368.0,500,0,0,0,0,1,0,0,5,5
368.0,460.3333333333333,0,0,0,0,1,0,1,5,5
388.125,423.875,0,0,0,0,1,1,1,5,5
431.7,400.6,0,0,0,0,1,1,2,5,5
452.5833333333333,378.6666666666667,0,1,1,0,1,3,2,6,5
470.0,336.5,2,1,1,0,1,4,3,6,6
469.9375,312.3125,3,1,1,0,1,6,4,6,8
461.72222222222223,293.8888888888889,4,1,1,0,1,7,6,6,9
436.25,301.55,4,2,2,0,1,8,6,7,9
429.09090909090907,308.45454545454544,4,2,4,2,1,9,6,7,9
426.0416666666667,314.2083333333333,4,2,5,3,1,11,6,7,9
421.5769230769231,317.7307692307692,4,4,7,3,1,12,7,9,9
425.25,306.5,5,4,7,3,1,13,7,9,10
430.06666666666666,299.3333333333333,7,4,7,3,1,15,9,9,12
430.34375,288.03125,8,4,7,3,1,15,9,9,13
427.9117647058824,281.55882352941177,8,4,7,3,1,17,10,9,13
422.05555555555554,271.72222222222223,9,4,7,3,2,19,12,14,19
419.57894736842104,265.6842105263158,9,5,10,5,2,21,13,15,19
410.35,269.0,9,5,10,5,2,22,14,15,19
400.3333333333333,275.1666666666667,9,7,13,6,2,23,14,16,19
391.0681818181818,280.77272727272725,9,8,14,6,2,25,14,18,19
376.0652173913044,285.89130434782606,9,9,15,6,2,26,14,18,19
371.6458333333333,286.6458333333333,10,9,15,6,2,26,15,19,20
373.32,289.3,10,9,15,6,2,28,16,19,20
374.1923076923077,291.0769230769231,12,9,16,7,2,29,18,19,22
370.0740740740741,292.72222222222223,12,11,18,7,2,30,18,21,22
358.375,294.25,12,12,19,7,2,31,18,22,22
351.1034482758621,295.67241379310343,12,12,20,8,2,33,18,22,22
340.5833333333333,294.9,13,12,20,8,2,34,19,22,23
368.0,500,0,0,0,0,1,0,0,5,5
368.0,500,0,0,0,0,1,0,0,5,5
368.0,500,0,0,0,0,1,0,0,5,5
368.0,500,0,0,0,0,1,0,0,5,5
368.0,500,0,0,0,0,1,0,0,5,5
368.0,497.0833333333333,0,0,0,0,1,0,1,5,5
393.5,462.0,0,0,0,0,1,1,1,5,5
400.8125,415.5625,1,0,0,0,1,2,1,5,6
380.05555555555554,379.44444444444446,2,0,0,0,1,2,1,5,7
353.3,350.55,3,0,0,0,1,3,1,5,8
352.72727272727275,330.40909090909093,3,0,0,0,1,3,3,5,8
364.7916666666667,309.8333333333333,4,0,0,0,1,4,4,5,9
372.3076923076923,300.5,5,0,0,0,1,4,6,5,10
375.25,281.75,6,0,0,0,1,6,7,5,11
364.73333333333335,270.6333333333333,6,0,0,0,1,6,8,5,11
354.875,256.75,7,0,0,0,1,7,9,5,12
359.1470588235294,246.14705882352942,8,0,0,0,1,7,11,5,13
368.97222222222223,242.36111111111111,9,0,0,0,1,7,12,5,14
369.10526315789474,241.73684210526315,9,0,0,0,2,8,13,10,19
359.6,242.225,9,0,0,0,2,9,14,10,19
357.3333333333333,233.83333333333334,10,0,0,0,2,10,15,10,20

368.0,500,0,0,0,0,1,0,0,5,5
368.0,500,0,0,0,0,1,0,0,5,5
368.0,500,0,0,0,0,1,0,0,5,5
368.0,500,0,0,0,0,1,0,0,5,5
355.4,500,0,0,1,1,1,1,0,5,5
347.0,500,0,1,1,0,1,1,0,6,5
341.0,500,0,1,1,0,1,1,0,6,5
322.9375,493.875,0,1,1,0,1,3,1,6,5
315.8888888888889,489.1111111111111,0,2,2,0,1,3,1,6,5
330.9,485.3,0,2,3,1,1,4,1,7,5
339.6818181818182,482.1818181818182,0,2,4,2,1,5,1,7,5
339.7083333333333,477.25,0,2,5,3,1,6,2,7,5
339.7307692307692,477.9230769230769,0,2,5,3,1,6,3,7,5
341.5,478.5,0,3,6,3,1,7,3,7,5
338.3666666666667,476.6666666666667,0,4,7,3,1,8,4,9,5
326.0,474.625,0,5,8,3,1,9,4,10,5
327.6470588235294,472.8235294117647,0,5,8,3,1,9,4,10,5
336.8888888888889,471.22222222222223,0,6,9,3,2,10,4,15,10
336.6842105263158,469.7894736842105,0,6,9,3,2,11,4,16,10
338.6,468.5,0,7,10,3,2,12,4,16,10
340.1666666666667,467.3333333333333,0,7,11,4,2,13,4,17,10
338.09090909090907,466.27272727272725,0,9,12,3,2,14,4,18,10
331.6304347826087,465.30434782608694,0,10,14,4,2,14,4,20,10
325.7083333333333,464.4166666666667,0,11,14,3,2,14,4,20,10
322.92,463.6,0,11,14,3,2,15,4,21,10
323.1730769230769,464.46153846153845,0,11,14,3,2,15,5,21,10
323.537037037037,465.25925925925924,0,11,15,4,2,15,5,21,10
323.875,466.0,0,12,15,3,2,15,5,21,10
324.1896551724138,466.6896551724138,0,13,17,4,2,15,5,23,10
324.48333333333335,467.3333333333333,0,14,18,4,2,15,5,24,10
324.758064516129,467.93548387096774,0,15,19,4,2,16,5,25,10
329.390625,468.5,0,15,20,5,2,16,5,25,10
329.8181818181818,469.030303030303,0,16,20,4,2,17,5,26,10
327.3382352941176,469.52941176470586,0,17,22,5,2,17,5,27,10
325.0,470.0,0,18,23,5,2,17,5,28,10
322.7916666666667,470.44444444444446,0,20,24,4,2,17,5,29,10
321.93243243243245,471.6216216216216,0,20,25,5,2,18,6,30,10
321.67105263157896,472.7368421052632,0,20,25,5,2,18,6,30,10
321.4230769230769,473.79487179487177,0,21,26,5,2,18,6,30,10
321.1875,474.8,0,21,27,6,3,18,6,36,15
320.9634146341463,475.7560975609756,0,23,29,6,3,18,6,37,15
320.75,476.6666666666667,0,24,30,6,3,18,6,39,15
320.54651162790697,477.5348837209302,0,25,31,6,3,18,6,40,15
318.6818181818182,478.3636363636364,0,26,31,5,3,19,6,41,15
315.4222222222222,479.15555555555557,0,28,33,5,3,19,6,42,15
315.04347826086956,479.9130434782609,0,28,34,6,3,20,6,43,15
317.21276595744683,480.63829787234044,0,28,35,7,3,20,6,43,15
318.125,481.3333333333333,0,28,36,8,3,21,6,43,15
319.14285714285717,482.44897959183675,0,29,36,7,3,22,7,44,15
320.33,483.52,0,30,38,8,3,22,7,45,15
321.47058823529414,484.54901960784315,0,32,39,7,3,22,7,47,15
320.00961538461536,485.53846153846155,0,33,40,7,3,23,7,48,15
319.3301886792453,486.49056603773585,0,34,41,7,3,24,7,49,15
320.68518518518516,487.4074074074074,0,34,41,7,3,25,7,49,15
322.3727272727273,488.2909090909091,1,34,42,8,3,25,7,49,16
324.0,489.14285714285717,1,36,44,8,3,25,7,51,16
324.219298245614,489.96491228070175,2,36,44,8,3,26,7,51,17
320.9913793103448,490.7586206896552,2,36,45,9,4,26,7,56,22
318.46610169491527,491.52542372881356,2,37,46,9,4,27,7,57,22
316.025,492.26666666666665,2,39,48,9,4,27,7,58,22
313.6639344262295,492.9836065573771,2,41,51,10,4,27,7,61,22
313.01612903225805,493.6774193548387,2,41,51,10,4,28,7,61,22
312.3888888888889,494.3492063492063,2,42,53,11,4,28,7,62,22
312.6015625,495.0,2,45,55,10,4,29,7,64,22
312.8076923076923,495.6307692307692,2,45,56,11,4,29,7,65,22
311.9469696969697,496.24242424242425,2,45,57,12,4,30,7,65,22
311.1119402985075,496.8358208955224,2,46,58,12,4,30,7,66,22
310.7647058823529,497.4117647058824,2,46,59,13,4,32,7,66,22
310.7826086956522,497.9710144927536,2,48,61,13,4,32,7,68,22
311.0,498.51428571428573,2,50,62,12,4,33,7,69,22
312.1478873239437,499.0422535211268,2,50,63,13,4,34,7,70,22
313.2638888888889,499.55555555555554,2,51,64,13,4,34,7,71,22
313.7260273972603,500.05479452054794,2,53,66,13,4,35,7,73,22
314.1756756756757,500.5405405405405,2,54,67,13,4,35,7,74,22
314.1933333333333,501.0133333333333,2,54,67,13,5,36,7,79,27
315.45394736842104,501.4736842105263,2,54,68,14,5,37,7,79,27
316.6818181818182,501.9220779220779,2,56,70,14,5,37,7,81,27
317.87820512820514,502.35897435897436,2,58,72,14,5,37,7,82,27
319.04430379746833,502.7848101265823,2,59,73,14,5,37,7,84,27
320.18125,503.2,2,60,74,14,5,37,7,85,27
321.2901234567901,503.60493827160496,2,61,75,14,5,38,8,86,27
323.0121951219512,503.7012195121951,3,63,77,14,5,38,9,88,28
324.6927710843373,503.7951807228916,3,65,79,14,5,38,9,90,28
326.3333333333333,503.88690476190476,3,66,80,14,5,38,9,91,28
327.6058823529412,503.9764705882353,3,66,80,14,5,39,9,91,28
328.6046511627907,504.0639534883721,3,68,82,14,5,39,9,92,28
329.86206896551727,504.14942528735634,3,68,83,15,5,40,9,93,28
330.41477272727275,504.23295454545456,3,70,85,15,5,41,9,95,28
330.7977528089888,504.314606741573,3,72,86,14,5,42,9,96,28
330.8611111111111,504.39444444444445,3,73,88,15,5,42,9,98,28
331.11538461538464,504.4725274725275,3,75,89,14,5,43,9,99,28
331.51630434782606,504.54891304347825,3,75,90,15,5,43,9,100,28
331.90860215053766,504.6236559139785,3,75,91,16,6,43,9,105,33
332.2925531914894,504.6968085106383,3,76,92,16,6,43,9,106,33
332.6684210526316,504.7684210526316,3,78,94,16,6,43,9,108,33
333.0364583333333,504.8385416666667,3,80,96,16,6,43,9,109,33
334.0103092783505,504.9072164948454,3,81,96,15,6,44,9,110,33
334.7142857142857,504.9744897959184,4,82,97,15,6,45,9,112,34
335.19191919191917,505.04040404040404,4,83,99,16,6,45,9,113,34
336.08,505.105,4,85,100,15,6,46,9,113,34
336.9504950495049,505.16831683168317,4,86,101,15,6,46,9,115,34
337.80392156862746,505.23039215686276,4,88,103,15,6,46,9,117,34
338.6407766990291,505.29126213592235,4,90,106,16,6,46,9,120,34
339.46153846153845,505.35096153846155,4,92,107,15,6,47,9,121,34
340.03333333333336,504.9428571428571,4,93,109,16,6,47,10,123,34
340.5943396226415,504.4433962264151,4,94,110,16,6,47,10,124,34
341.1448598130841,503.95327102803736,4,96,112,16,6,47,10,125,34
340.61574074074076,503.11574074074076,4,98,114,16,6,48,11,128,34
339.8715596330275,502.29357798165137,4,100,116,16,6,49,11,129,34
340.5409090909091,501.48636363636365,4,103,119,16,6,49,11,133,34
340.7882882882883,500.56756756756755,4,104,120,16,6,50,12,134,34
341.15625,499.66517857142856,4,106,122,16,7,51,12,141,39
341.7654867256637,498.7787610619469,4,108,123,15,7,51,12,142,39
342.3640350877193,497.9078947368421,4,110,126,16,7,51,12,145,39
368.0,500,0,0,0,0,1,0,0,5,5
368.0,500,0,0,0,0,1,0,0,5,5
368.0,500,0,0,1,1,1,0,0,5,5
356.625,464.125,0,0,2,2,1,1,1,5,5
321.1,441.2,0,1,2,1,1,2,1,6,5
296.8333333333333,425.9166666666667,0,2,3,1,1,3,1,7,5
312.0,415.0,0,2,3,1,1,3,1,7,5
331.25,406.8125,0,2,3,1,1,4,2,7,5
351.27777777777777,393.05555555555554,0,3,5,2,1,5,2,8,5
352.95,385.2,0,4,5,1,1,6,3,9,5
364.8181818181818,378.77272727272725,0,5,6,1,1,7,3,10,5
379.6666666666667,378.0833333333333,0,6,7,1,1,8,4,10,5
377.4230769230769,377.5,0,6,7,1,1,8,4,11,5
361.75,369.75,0,6,7,1,1,8,6,11,5
357.03333333333336,361.6333333333333,0,7,8,1,1,9,6,12,5
363.84375,354.53125,0,7,8,1,1,9,6,12,5
381.38235294117646,350.94117647058823,0,8,9,1,1,9,7,13,5
393.6666666666667,347.75,0,9,10,1,1,10,7,14,5
394.7105263157895,344.89473684210526,0,9,10,1,2,10,7,19,10
386.025,342.325,0,9,11,2,2,10,7,19,10
385.0,340.0,0,10,11,1,2,11,7,20,10
385.34090909090907,339.79545454545456,0,12,13,1,2,12,9,21,10
379.8695652173913,344.0217391304348,0,12,14,2,2,12,9,22,10
375.4375,347.8958333333333,0,14,16,2,2,13,9,24,10
370.52,352.02,0,16,17,1,2,15,10,25,10
373.25,358.5576923076923,0,16,17,1,2,15,11,26,10
378.75925925925924,363.31481481481484,0,17,18,1,2,17,13,26,10
385.875,367.73214285714283,0,19,20,1,2,18,13,29,10
393.58620689655174,371.8448275862069,0,20,22,2,2,20,13,30,10
394.6,375.68333333333334,0,21,22,1,2,20,13,31,10
391.48387096774195,379.2741935483871,0,22,24,2,2,21,13,32,10
390.421875,382.640625,0,23,25,2,2,23,13,33,10
389.8484848484849,385.8030303030303,0,24,26,2,2,24,13,34,10
387.6617647058824,385.1764705882353,0,24,26,2,2,25,14,34,10
386.5,384.48571428571427,0,26,28,2,2,26,15,35,10
388.125,386.84722222222223,0,27,29,2,2,27,16,37,10
391.64864864864865,390.02702702702703,1,28,30,2,2,29,17,38,11
395.8157894736842,393.0394736842105,1,28,30,2,3,30,17,43,16
396.9871794871795,395.8076923076923,1,29,31,2,3,31,19,43,16
393.725,398.4375,1,29,32,3,3,31,19,44,16
390.1951219512195,400.9390243902439,1,30,33,3,3,32,19,44,16
389.75,404.1547619047619,1,31,34,3,3,33,20,45,16
388.3488372093023,406.9767441860465,1,32,35,3,3,34,21,47,16
388.3636363636364,408.2386363636364,1,33,36,3,3,36,21,48,16
390.1666666666667,409.44444444444446,1,34,38,4,3,38,21,49,16
393.4891304347826,411.20652173913044,1,36,39,3,3,40,22,50,16
394.43617021276594,413.1914893617021,1,36,40,4,3,41,22,51,16
393.9583333333333,415.09375,1,37,41,4,3,43,23,52,16
391.35714285714283,417.5612244897959,1,38,42,4,3,44,23,53,16
391.24,418.46,1,39,43,4,3,45,24,54,16
392.70588235294116,418.98039215686276,1,39,44,5,3,47,24,54,16
395.125,419.4807692307692,1,41,45,4,3,48,24,55,16
397.25471698113205,419.9622641509434,1,42,47,5,3,49,24,57,16
398.9166666666667,420.4259259259259,1,42,48,6,3,51,24,57,16
399.1181818181818,421.8909090909091,1,44,49,5,3,54,25,59,16
402.6875,423.30357142857144,1,44,49,5,3,54,25,59,16
406.13157894736844,424.6666666666667,1,46,51,5,4,55,25,65,21
408.61206896551727,424.5948275862069,1,47,53,6,4,57,26,67,21
411.3050847457627,425.8305084745763,1,49,54,5,4,59,28,68,21
411.34166666666664,427.6666666666667,1,50,55,5,4,60,28,70,21
411.77868852459017,429.44262295081967,1,52,57,5,4,63,28,72,21
411.1290322580645,430.8225806451613,1,52,57,5,4,63,30,72,21
408.1666666666667,432.4920634920635,1,53,58,5,4,63,30,73,21
406.390625,434.109375,2,55,60,5,4,65,30,75,22
406.17692307692306,435.67692307692306,2,56,61,5,4,66,30,76,22
404.90909090909093,437.1969696969697,2,57,63,6,4,66,30,77,22
404.6194029850746,438.67164179104475,2,59,64,5,4,68,30,79,22
404.3897058823529,440.1029411764706,2,61,66,5,4,70,30,80,22
403.3550724637681,441.4927536231884,2,63,68,5,4,72,30,82,22
403.65,442.84285714285716,2,65,70,5,4,74,30,84,22
402.65492957746477,444.15492957746477,2,67,73,6,4,75,30,87,22
401.6875,445.43055555555554,2,69,74,5,4,76,30,89,22
401.36986301369865,446.67123287671234,2,70,76,6,4,76,31,90,22
401.06081081081084,447.4527027027027,2,71,77,6,4,76,31,91,22
399.78,448.2133333333333,2,73,78,5,5,77,31,98,27
398.85526315789474,448.95394736842104,2,73,79,6,5,79,31,98,27
398.6363636363636,450.0844155844156,2,76,82,6,5,80,32,100,27
400.0833333333333,451.18589743589746,2,77,84,7,5,81,32,102,27
402.9113924050633,452.25949367088606,2,79,86,7,5,84,32,104,27
404.925,453.30625,2,80,86,6,5,86,32,105,27
406.84567901234567,454.32716049382714,2,81,87,6,5,88,32,106,27
408.0365853658537,455.3231707317073,2,82,88,6,5,89,32,107,27
409.2831325301205,455.2831325301205,2,83,89,6,5,91,33,107,27
410.9583333333333,455.5357142857143,2,84,91,7,5,92,34,109,27
412.1823529411765,456.4823529411765,2,86,92,6,5,93,35,110,27
414.06976744186045,457.0406976744186,2,86,93,7,5,94,37,111,27
414.7068965517241,457.94827586206895,2,88,95,7,5,95,37,113,27
415.6875,458.83522727272725,2,90,96,6,5,97,37,114,27
416.8820224719101,459.7022471910112,2,91,97,6,5,99,37,116,27
417.7,460.55,2,91,98,7,5,100,37,116,27
417.53846153846155,461.3791208791209,2,93,100,7,5,101,37,118,27
416.8478260869565,462.1902173913044,2,96,102,6,5,102,37,120,27
415.8709677419355,462.98387096774195,2,97,104,7,5,103,37,122,27
415.36170212765956,463.76063829787233,2,99,105,6,6,104,37,128,32
414.7894736842105,464.5210526315789,2,100,106,6,6,106,37,129,32
414.7395833333333,465.265625,2,101,107,6,6,107,37,131,32
413.6443298969072,465.99484536082474,2,103,109,6,6,107,37,132,32
413.25,466.7091836734694,2,104,110,6,6,109,37,133,32
368.0,500,0,0,0,0,1,0,0,5,5
368.0,500,0,0,0,0,1,0,0,5,5
368.0,500,0,0,0,0,1,0,0,5,5
368.0,500,0,0,0,0,1,0,0,5,5
368.0,500,0,0,1,1,1,0,0,5,5
376.1666666666667,500,0,0,1,1,1,1,0,5,5
393.0,500,0,0,2,2,1,2,0,5,5
383.3125,496.0625,0,1,2,1,1,2,1,6,5
371.1111111111111,488.72222222222223,0,3,4,1,1,4,1,8,5
379.55,488.45,0,3,4,1,1,4,2,8,5
401.72727272727275,492.77272727272725,0,3,5,2,1,4,2,8,5
414.0833333333333,485.875,0,4,5,1,1,5,3,9,5
431.2692307692308,474.11538461538464,0,4,5,1,1,7,4,9,5
443.0,466.7857142857143,0,5,6,1,1,8,6,10,5
443.8333333333333,459.03333333333336,0,5,6,1,1,9,7,10,5
442.15625,446.78125,0,6,7,1,1,10,7,11,5
438.20588235294116,435.97058823529414,0,7,8,1,1,11,7,12,5
444.22222222222223,427.1388888888889,0,8,9,1,1,11,8,13,5
454.2105263157895,420.7105263157895,0,9,10,1,1,12,9,13,5
457.25,412.825,0,9,10,1,1,12,9,14,5
456.6666666666667,405.6904761904762,0,9,10,1,1,12,9,14,5
456.1363636363636,399.20454545454544,0,9,10,1,2,12,9,19,10
456.10869565217394,393.2826086956522,0,9,10,1,2,13,9,19,10
462.2083333333333,390.3333333333333,0,10,11,1,2,14,10,20,10
462.92,388.04,0,11,12,1,2,15,10,21,10
457.11538461538464,388.4807692307692,0,12,13,1,2,15,11,22,10
447.2037037037037,386.81481481481484,0,12,13,1,2,15,15,22,10
439.0,384.89285714285717,0,13,14,1,2,17,17,23,10
436.91379310344826,384.7931034482759,0,13,14,1,2,17,17,23,10
439.51666666666665,384.7,0,14,16,2,2,17,18,24,10
446.80645161290323,389.01612903225805,0,15,16,1,2,18,18,25,10
454.75,393.0625,0,15,17,2,2,19,18,25,10
459.24242424242425,392.8333333333333,0,15,18,3,2,20,19,25,10
460.27941176470586,392.8235294117647,0,16,19,3,2,21,20,26,10
457.25714285714287,396.3142857142857,0,17,19,2,2,22,21,27,10
454.2083333333333,399.5138888888889,0,18,21,3,2,23,22,28,10
450.47297297297297,399.7972972972973,0,20,22,2,2,25,22,29,10
449.69736842105266,398.86842105263156,0,21,24,3,2,26,23,30,10
448.06410256410254,397.9871794871795,0,22,24,2,2,27,23,32,10
442.925,397.15,0,22,24,2,2,27,23,32,10
437.0121951219512,396.3536585365854,0,23,25,2,2,28,23,32,10
434.7142857142857,396.0952380952381,0,23,26,3,2,28,24,33,10
435.77906976744185,397.2325581395349,0,24,26,2,2,28,24,34,10
438.14772727272725,398.3181818181818,0,25,27,2,3,29,24,40,15
438.5444444444444,399.35555555555555,0,27,29,2,3,31,24,41,15
439.6847826086956,399.8152173913044,0,28,30,2,3,32,26,43,15
443.2340425531915,402.0425531914894,0,29,31,2,3,33,27,43,15
447.65625,404.8333333333333,0,30,33,3,3,34,28,44,15
452.2551020408163,407.51020408163265,0,32,34,2,3,34,28,46,15
457.3,410.08,0,32,35,3,3,38,28,47,15
460.22549019607845,412.48039215686276,0,32,35,3,3,39,29,47,15
462.16346153846155,412.97115384615387,0,33,36,3,3,40,31,47,15
461.45283018867923,415.29245283018867,0,33,36,3,3,40,31,48,15
458.30555555555554,417.52777777777777,0,34,37,3,3,40,31,48,15
453.93636363636364,419.6818181818182,0,35,38,3,3,43,31,49,15
447.9107142857143,421.75892857142856,0,35,39,4,3,44,31,50,15
443.140350877193,423.7631578947368,0,36,39,3,3,45,31,51,15
368.0,500,0,0,0,0,1,0,0,5,5
368.0,487.75,0,0,0,0,1,0,1,5,5
368.0,455.6666666666667,0,0,0,0,1,0,4,5,5
368.0,417.75,0,0,0,0,1,0,10,5,5
349.8,375.4,0,0,1,1,1,2,12,5,5
365.6666666666667,354.75,0,1,1,0,1,2,13,6,5
389.5,342.5,0,2,2,0,1,3,13,6,5
394.6875,316.6875,0,2,2,0,1,4,14,7,5
383.94444444444446,307.8888888888889,0,4,4,0,1,5,15,8,5
393.55,302.6,0,4,4,0,1,5,16,9,5
417.6363636363636,305.90909090909093,0,4,4,0,1,5,17,9,5
430.4166666666667,308.6666666666667,0,5,5,0,1,6,17,10,5
428.5769230769231,305.61538461538464,0,5,5,0,1,6,18,10,5
427.0,303.0,0,6,6,0,1,6,18,10,5
421.9,303.76666666666665,0,6,6,0,1,8,19,11,5
416.34375,307.0625,0,7,7,0,1,10,19,12,5
418.6470588235294,309.97058823529414,0,7,8,1,1,11,19,12,5
409.80555555555554,312.55555555555554,0,8,8,0,1,11,19,13,5
410.0,314.86842105263156,1,9,9,0,1,12,19,14,6
402.825,316.95,1,9,10,1,1,13,19,14,6
399.1666666666667,318.8333333333333,1,10,11,1,2,16,19,20,11
392.02272727272725,320.54545454545456,1,11,13,2,2,17,19,21,11
381.2391304347826,322.10869565217394,1,13,14,1,2,18,19,23,11
378.2083333333333,327.7708333333333,1,14,15,1,2,19,20,24,11
382.98,336.06,1,14,15,1,2,19,21,24,11
393.84615384615387,343.75,1,15,16,1,2,20,21,25,11
405.0740740740741,350.8703703703704,1,17,18,1,2,21,21,26,11
408.375,357.48214285714283,1,17,19,2,2,22,21,27,11
414.58620689655174,363.63793103448273,1,18,20,2,2,23,21,28,11
413.85,366.46666666666664,1,19,20,1,2,23,22,29,11
407.741935483871,369.11290322580646,1,20,22,2,2,23,22,30,11
405.953125,371.59375,1,21,23,2,2,24,22,31,11
402.25757575757575,375.72727272727275,1,23,25,2,2,26,23,33,11
404.54411764705884,379.9264705882353,1,24,26,2,2,26,24,34,11
403.1,383.98571428571427,1,25,26,1,2,27,24,35,11
402.5138888888889,387.81944444444446,1,26,27,1,2,28,24,35,11
404.6081081081081,391.44594594594594,1,26,28,2,2,29,24,36,11
405.39473684210526,394.88157894736844,1,27,29,2,2,30,24,37,11
408.47435897435895,398.14102564102564,1,27,30,3,3,31,24,42,16
413.325,401.2375,1,28,30,2,3,36,24,43,16
418.1951219512195,404.1829268292683,1,29,32,3,3,37,24,44,16
422.8333333333333,406.98809523809524,1,31,33,2,3,37,24,45,16
426.4418604651163,409.66279069767444,1,32,35,3,3,38,24,47,16
429.8863636363636,412.21590909090907,1,33,36,3,3,38,24,48,16
432.55555555555554,414.65555555555557,1,34,37,3,3,39,24,49,16
431.9891304347826,416.9891304347826,1,35,38,3,3,40,24,49,16
432.48936170212767,419.22340425531917,1,36,39,3,3,41,24,51,16
433.4791666666667,421.3645833333333,1,38,41,3,3,42,24,53,16
437.2142857142857,423.4183673469388,1,38,42,4,3,43,24,53,16
439.75,425.39,2,39,43,4,3,44,24,54,17
441.77450980392155,427.2843137254902,3,40,45,5,3,44,24,54,18
443.11538461538464,429.1057692307692,3,41,46,5,3,45,24,56,18
445.1981132075472,430.85849056603774,3,42,47,5,3,47,24,57,18
445.25925925925924,430.99074074074076,4,43,47,4,3,47,25,58,19
444.3636363636364,430.54545454545456,4,44,48,4,3,49,25,59,19
440.4375,430.92857142857144,4,44,48,4,3,49,26,59,19
437.6929824561403,431.29824561403507,4,46,50,4,4,51,26,65,24
434.4396551724138,431.6551724137931,4,47,52,5,4,52,27,67,24
430.8220338983051,433.1864406779661,4,49,54,5,4,54,27,69,24
428.4916666666667,434.6666666666667,4,50,55,5,4,56,27,70,24
427.155737704918,436.0983606557377,4,52,57,5,4,57,27,72,24
425.86290322580646,437.48387096774195,4,53,57,4,4,57,27,73,24
425.6111111111111,438.8253968253968,4,54,59,5,4,58,27,73,24
425.4765625,440.125,4,55,60,5,4,58,27,75,24
424.96923076923076,441.38461538461536,4,57,62,5,4,59,27,76,24
424.47727272727275,442.6060606060606,4,59,63,4,4,59,27,78,24
424.0,443.7910447761194,4,60,65,5,4,59,27,79,24
423.5367647058824,444.94117647058823,4,61,66,5,4,59,27,81,24
423.59420289855075,446.05797101449275,4,62,66,4,4,60,27,82,24
425.1,447.14285714285717,4,63,68,5,4,62,27,83,24
427.056338028169,448.19718309859155,4,65,70,5,4,62,27,85,24
428.6666666666667,449.22222222222223,4,66,71,5,4,64,27,86,24
429.75342465753425,450.2191780821918,4,67,72,5,4,65,27,87,24
430.81081081081084,451.18918918918916,4,69,74,5,4,65,27,88,24
432.68,452.1333333333333,4,69,74,5,4,66,27,89,24
433.9013157894737,453.05263157894734,4,70,76,6,4,67,27,90,24
435.09090909090907,453.038961038961,4,71,77,6,4,68,28,90,24
436.78846153846155,453.02564102564105,4,73,78,5,4,70,28,93,24
439.24050632911394,452.8354430379747,4,73,79,6,5,73,29,98,29
442.6375,451.73125,4,74,79,5,5,74,31,99,29
445.51851851851853,452.3395061728395,4,74,80,6,5,75,32,99,29
448.6280487804878,452.2073170731707,4,75,80,5,5,76,33,100,29
449.93373493975906,452.2469879518072,4,75,81,6,5,77,34,100,29
451.8333333333333,452.8690476190476,4,76,82,6,5,78,35,101,29
453.44117647058823,453.6823529411765,4,76,82,6,5,78,35,101,29
455.01162790697674,454.4767441860465,4,78,83,5,5,78,35,103,29
456.867816091954,455.2528735632184,4,78,84,6,5,79,35,103,29
458.6818181818182,456.0113636363636,4,79,85,6,5,80,35,104,29
460.80898876404495,456.75280898876406,4,81,86,5,5,80,35,105,29
462.8888888888889,457.47777777777776,4,81,87,6,5,81,35,106,29
464.65384615384613,458.1868131868132,4,82,88,6,5,81,35,107,29
465.8478260869565,458.8804347826087,4,83,89,6,5,82,35,107,29
466.3010752688172,459.55913978494624,4,84,90,6,5,83,35,109,29
466.74468085106383,460.22340425531917,4,85,91,6,5,84,35,109,29
466.62631578947367,460.87368421052633,4,86,93,7,5,84,35,111,29
466.0364583333333,461.5104166666667,4,87,94,7,5,86,35,112,29
465.8917525773196,462.1340206185567,4,89,95,6,5,88,35,114,29
466.92857142857144,462.7448979591837,4,90,97,7,5,90,35,115,29
467.02525252525254,463.34343434343435,4,91,98,7,5,92,35,116,29
467.995,463.93,4,92,99,7,5,93,35,117,29
469.01485148514854,464.5049504950495,4,93,100,7,5,95,35,118,29
469.29411764705884,465.0686274509804,4,93,101,8,6,96,35,123,34
469.56796116504853,465.621359223301,4,93,102,9,6,96,35,123,34
469.9375,466.16346153846155,4,95,103,8,6,98,35,125,34
470.6333333333333,466.66190476190474,4,96,104,8,6,99,36,126,34
470.95283018867923,467.08490566037733,4,97,105,8,6,101,37,127,34
471.29906542056074,467.7289719626168,4,98,106,8,6,101,37,128,34
471.89814814814815,468.23148148148147,4,99,107,8,6,103,38,128,34
472.9036697247706,468.5642201834862,4,99,107,8,6,105,39,129,34
474.81363636363636,468.76363636363635,4,101,109,8,6,106,39,130,34
476.5,468.9594594594595,4,102,110,8,6,108,40,132,34
478.46875,468.3392857142857,5,102,111,9,6,109,40,132,35
480.30973451327435,467.66814159292034,5,103,111,8,6,109,40,133,35
481.8421052631579,467.00877192982455,5,103,111,8,6,110,41,133,35
482.6478260869565,466.8782608695652,5,104,113,9,6,111,41,134,35
483.2586206896552,467.3534482758621,5,105,114,9,6,111,42,134,35
483.85897435897436,467.94017094017096,5,107,115,8,6,112,42,137,35
484.83474576271186,468.5169491525424,5,107,116,9,6,113,42,137,35
485.4117647058824,469.0840336134454,5,108,118,10,6,113,42,137,35
485.8041666666667,469.64166666666665,5,109,119,10,6,115,42,138,35
486.53719008264466,470.1900826446281,5,111,120,9,6,117,42,140,35
487.02868852459017,470.7295081967213,5,112,121,9,6,117,42,141,35
487.5121951219512,471.260162601626,5,113,123,10,6,118,42,143,35
488.27016129032256,471.78225806451616,5,114,124,10,6,119,42,144,35
488.568,472.296,5,116,125,9,7,119,42,150,40
489.0833333333333,472.8015873015873,5,117,127,10,7,120,42,152,40
489.83858267716533,473.2992125984252,5,118,128,10,7,121,42,153,40
490.4453125,473.7890625,5,120,130,10,7,121,42,155,40
491.28682170542635,474.27131782945736,5,121,130,9,7,123,42,156,40
492.0615384615385,474.74615384615385,5,122,132,10,7,125,42,157,40
492.55725190839695,475.21374045801525,5,123,133,10,7,127,42,158,40
492.5416666666667,475.67424242424244,5,123,133,10,7,130,42,158,40
492.2894736842105,476.1278195488722,5,124,135,11,7,131,42,159,40
491.4141791044776,476.57462686567163,5,125,136,11,7,132,42,160,40
490.3703703703704,477.0148148148148,5,126,137,11,7,133,42,161,40
489.625,477.4485294117647,5,128,138,10,7,134,42,162,40
488.76277372262774,477.8759124087591,5,128,139,11,7,136,42,163,40
488.1159420289855,478.1195652173913,6,129,140,11,7,137,43,163,41
487.705035971223,478.2589928057554,6,131,141,10,7,138,44,166,41
487.3,478.52142857142854,6,132,142,10,7,140,46,166,41
487.0744680851064,478.92907801418437,6,132,143,11,7,141,46,167,41
487.09859154929575,479.0845070422535,6,133,143,10,7,141,47,168,41
487.1223776223776,478.8951048951049,6,134,144,10,7,142,48,169,41
486.7083333333333,479.2916666666667,6,136,146,10,7,144,48,170,41
486.7344827586207,479.68275862068964,6,138,148,10,7,146,48,172,41
486.7842465753425,480.06849315068496,6,139,150,11,7,148,48,174,41
486.64285714285717,480.44897959183675,6,140,151,11,7,149,48,175,41
486.14864864864865,480.8243243243243,6,141,151,10,8,151,48,180,46
485.4731543624161,481.19463087248323,6,142,153,11,8,152,48,182,46
485.11,481.56,6,143,153,10,8,154,48,182,46
484.9834437086093,481.9205298013245,6,145,155,10,8,155,48,184,46
485.61842105263156,482.2763157894737,6,146,156,10,8,157,48,185,46
486.6111111111111,482.62745098039215,6,147,157,10,8,158,48,186,46
487.29545454545456,482.97402597402595,6,147,158,11,8,160,48,187,46
487.541935483871,483.31612903225806,6,149,159,10,8,161,48,189,46
487.8525641025641,483.65384615384613,6,151,161,10,8,162,48,190,46
368.0,500,0,0,0,0,1,0,0,5,5
368.0,500,0,0,0,0,1,0,0,5,5
368.0,477.8333333333333,0,0,0,0,1,0,1,5,5
369.75,453.625,0,0,1,1,1,1,2,5,5
370.8,439.1,0,1,2,1,1,1,2,6,5
371.5,429.4166666666667,0,1,3,2,1,1,2,6,5
380.5,409.0,0,2,3,1,1,2,3,7,5
371.5,374.0,1,2,4,2,1,4,4,7,6
367.6111111111111,357.6666666666667,1,3,5,2,1,5,5,8,6
382.0,358.6,1,3,5,2,1,5,5,8,6
404.27272727272725,359.3636363636364,1,4,6,2,1,6,5,8,6
408.5416666666667,360.0,2,4,6,2,1,6,5,9,7
400.84615384615387,360.53846153846155,2,4,7,3,1,6,5,9,7
392.75,361.0,2,6,9,3,1,7,5,10,7
393.9,365.3666666666667,2,7,9,2,1,8,6,12,7
402.125,374.4375,2,7,10,3,1,9,7,12,7
405.6764705882353,374.8235294117647,3,8,10,2,1,10,8,13,8
398.9166666666667,374.77777777777777,3,8,10,2,1,10,9,13,8
388.07894736842104,372.1578947368421,3,9,12,3,1,11,9,14,8
378.325,369.8,3,10,13,3,1,11,9,14,8
374.3333333333333,367.6666666666667,3,11,14,3,2,13,9,21,13
378.02272727272725,365.72727272727275,3,11,14,3,2,13,9,21,13
381.39130434782606,363.95652173913044,3,11,14,3,2,14,9,21,13
386.0833333333333,362.3333333333333,3,12,16,4,2,15,9,22,13
390.82,363.78,3,13,17,4,2,16,10,22,13
399.5,365.11538461538464,3,14,18,4,2,18,10,23,13
409.22222222222223,366.35185185185185,3,15,20,5,2,18,11,25,13
415.125,372.4107142857143,3,15,20,5,2,19,11,25,13
415.7931034482759,378.05172413793105,4,16,21,5,2,20,11,26,14
412.1,383.31666666666666,4,17,23,6,2,21,11,27,14
407.85483870967744,388.241935483871,4,19,24,5,2,23,11,28,14
408.03125,392.859375,4,20,25,5,2,24,11,30,14
403.8484848484849,394.75757575757575,4,20,26,6,2,25,12,30,14
402.4852941176471,396.54411764705884,4,22,27,5,2,27,13,31,14
401.1,396.72857142857146,4,23,28,5,2,28,13,32,14
399.40277777777777,396.90277777777777,4,24,30,6,2,30,13,34,14
398.7432432432432,397.06756756756755,4,24,31,7,2,31,13,34,14
401.1578947368421,398.88157894736844,4,25,31,6,2,32,15,35,14
404.61538461538464,401.3205128205128,5,26,33,7,2,35,15,36,15
404.4,403.6375,5,28,34,6,2,35,15,37,15
404.7926829268293,404.4756097560976,5,29,35,6,2,37,16,39,15
408.6666666666667,405.2738095238095,5,29,35,6,3,39,16,44,20
412.6046511627907,407.66279069767444,5,29,36,7,3,41,17,44,20
415.8863636363636,409.9431818181818,5,30,37,7,3,42,17,45,20
420.8888888888889,412.1222222222222,5,31,38,7,3,43,17,46,20
424.9130434782609,414.20652173913044,5,32,39,7,3,45,17,47,20
430.1063829787234,416.20212765957444,5,33,40,7,3,46,17,48,20
433.84375,418.1145833333333,5,33,41,8,3,47,17,48,20
435.64285714285717,419.94897959183675,5,34,42,8,3,48,17,49,20
434.85,421.71,5,35,43,8,3,48,17,50,20
433.6764705882353,423.4019607843137,5,37,45,8,3,49,17,52,20
431.13461538461536,425.02884615384613,5,40,47,7,3,50,17,54,20
430.47169811320754,426.5943396226415,5,40,48,8,3,50,17,55,20
430.48148148148147,428.10185185185185,5,41,48,7,3,52,18,56,20
431.0,428.7909090909091,5,41,49,8,3,53,18,56,20
432.5625,429.45535714285717,5,42,50,8,3,55,18,57,20
434.6842105263158,430.0964912280702,5,44,52,8,3,55,18,59,20
435.2241379310345,430.7155172413793,5,45,52,7,3,56,18,60,20
434.91525423728814,431.96610169491527,5,46,54,8,3,57,19,61,20
434.26666666666665,433.5833333333333,5,48,55,7,3,58,19,62,20
432.95081967213116,435.1475409836066,5,49,57,8,3,59,19,64,20
431.8467741935484,436.66129032258067,5,50,57,7,3,60,19,65,20
433.72222222222223,438.12698412698415,5,51,58,7,4,60,19,71,25
434.8828125,439.546875,5,52,59,7,4,62,19,71,25
435.3076923076923,440.9230769230769,5,53,60,7,4,64,19,73,25
434.92424242424244,442.25757575757575,5,55,62,7,4,64,19,74,25
434.55223880597015,443.55223880597015,5,56,64,8,4,65,19,76,25
433.2647058823529,444.80882352941177,5,58,66,8,4,66,19,78,25
430.8478260869565,446.0289855072464,5,59,67,8,4,67,19,79,25
428.95,447.2142857142857,5,61,68,7,4,69,19,80,25
425.9718309859155,448.36619718309856,5,62,69,7,4,70,19,82,25
425.2638888888889,449.4861111111111,7,63,70,7,4,71,19,83,27
424.14383561643837,450.5753424657534,7,64,72,8,4,73,19,84,27
421.72972972972974,451.63513513513516,7,66,73,7,4,73,19,85,27
419.8466666666667,452.6666666666667,8,66,74,8,4,74,19,86,28
419.3486842105263,453.67105263157896,8,68,75,7,4,75,19,88,28
419.54545454545456,454.64935064935065,8,69,77,8,4,77,19,89,28
420.14102564102564,455.6025641025641,9,70,77,7,4,78,19,90,29
421.03164556962025,456.53164556962025,9,72,79,7,4,78,19,91,29
421.2,457.4375,9,72,79,7,4,80,19,92,29
420.84567901234567,458.320987654321,9,72,80,8,4,80,19,92,29
420.5,459.1829268292683,9,72,80,8,4,80,19,92,29
420.16265060240966,460.0240963855422,9,72,81,9,5,81,19,97,34
420.7916666666667,460.8452380952381,9,72,82,10,5,82,19,97,34
421.6941176470588,461.6470588235294,9,74,83,9,5,83,19,98,34
422.5755813953488,462.43023255813955,9,75,85,10,5,83,19,100,34
423.07471264367814,463.1954022988506,9,76,86,10,5,85,19,101,34
424.2386363636364,463.9431818181818,9,77,87,10,5,86,19,102,34
425.7303370786517,464.6741573033708,9,79,89,10,5,87,19,104,34
426.45,465.3888888888889,9,81,91,10,5,89,19,106,34
426.88461538461536,466.0879120879121,9,82,92,10,5,90,19,107,34
427.3097826086956,466.7717391304348,10,83,93,10,5,90,19,108,34
428.1774193548387,467.44086021505376,10,83,94,11,5,91,19,108,35
368.0,500,0,0,0,0,1,0,0,5,5
368.0,500,0,0,0,0,1,0,0,5,5
368.0,490.6666666666667,0,0,0,0,1,0,1,5,5
381.125,474.625,0,0,0,0,1,1,1,5,5
398.8,465.0,0,0,1,1,1,2,1,5,5
376.75,427.0833333333333,0,0,2,2,1,2,2,5,5
381.0,412.0,0,2,3,1,1,4,3,7,5
379.375,400.25,0,2,4,2,1,5,4,7,5
377.3333333333333,379.05555555555554,1,3,5,2,1,7,5,7,6
369.05,375.05,1,4,6,2,1,9,7,9,6
374.3636363636364,367.0,1,4,6,2,1,9,8,9,6
368.875,360.2916666666667,2,4,6,2,1,10,8,9,7
358.5769230769231,350.5769230769231,2,4,6,2,1,11,9,9,7
363.25,342.25,2,5,7,2,1,12,9,10,7
371.5,335.03333333333336,2,6,8,2,1,13,9,11,7
374.78125,328.71875,2,7,9,2,1,14,9,12,7
380.1470588235294,323.1470588235294,2,7,9,2,2,16,9,17,12
391.9166666666667,318.19444444444446,2,8,10,2,2,17,9,18,12
391.94736842105266,314.5,2,8,10,2,2,17,10,18,12
391.45,313.625,2,10,12,2,2,19,10,20,12
388.8333333333333,312.8333333333333,2,10,13,3,2,19,10,20,12
389.15909090909093,312.1136363636364,2,12,14,2,2,22,10,22,12
382.0,311.45652173913044,2,13,15,2,2,23,10,23,12
374.8541666666667,310.8541666666667,2,14,16,2,2,24,10,24,12
369.54,312.96,2,15,18,3,2,25,12,25,12
371.09615384615387,314.90384615384613,2,17,19,2,2,26,12,26,12
375.51851851851853,316.7037037037037,2,18,20,2,2,27,13,28,12
382.375,316.75,2,19,21,2,2,29,13,29,12
383.6896551724138,321.5,2,20,22,2,2,30,14,30,12
379.43333333333334,325.93333333333334,2,21,23,2,2,31,14,31,12
373.0806451612903,330.0806451612903,2,22,25,3,2,32,14,32,12
369.640625,333.96875,2,23,26,3,2,33,14,33,12
368.8484848484849,337.6212121212121,2,25,27,2,2,35,14,35,12
365.52941176470586,341.05882352941177,2,26,29,3,2,36,14,36,12
364.2,344.3,2,28,30,2,3,38,14,42,17
368.09722222222223,347.3611111111111,2,28,30,2,3,38,14,43,17
373.4864864864865,350.2567567567568,2,29,31,2,3,40,14,44,17
375.82894736842104,355.14473684210526,2,30,32,2,3,41,15,45,17
375.44871794871796,359.78205128205127,2,32,34,2,3,44,15,47,17
377.7125,364.1875,2,33,36,3,3,45,15,48,17
380.8048780487805,368.3780487804878,2,34,37,3,3,46,15,49,17
383.75,372.3690476190476,2,36,38,2,3,47,15,51,17
386.06976744186045,376.1744186046512,2,37,39,2,3,48,15,52,17
385.2613636363636,379.8068181818182,2,38,41,3,3,49,15,53,17
385.81111111111113,381.4888888888889,2,40,42,2,3,51,16,54,17
387.85869565217394,383.0978260869565,2,41,44,3,3,53,16,56,17
390.78723404255317,384.63829787234044,2,43,45,2,3,55,16,58,17
392.9375,386.1145833333333,2,44,46,2,3,56,16,59,17
396.2142857142857,387.53061224489795,2,45,47,2,3,58,16,59,17
395.16,390.5,2,45,48,3,3,58,17,60,17
394.8333333333333,393.3529411764706,2,46,49,3,3,60,17,61,17
396.40384615384613,396.09615384615387,3,48,51,3,3,61,17,63,18
398.4433962264151,398.7358490566038,3,49,53,4,4,62,17,69,23
401.1203703703704,400.3703703703704,3,50,54,4,4,63,18,69,23
402.6818181818182,401.94545454545454,3,51,56,5,4,64,18,71,23
405.0,403.4642857142857,3,53,57,4,4,65,18,72,23
406.1929824561403,404.9298245614035,3,53,58,5,4,66,18,73,23
406.80172413793105,407.1896551724138,3,54,59,5,4,67,19,74,23
406.79661016949154,409.3728813559322,3,56,61,5,4,67,19,76,23
406.7916666666667,411.48333333333335,3,57,62,5,4,67,19,77,23
407.9344262295082,413.5245901639344,3,58,63,5,4,68,19,78,23
407.1209677419355,415.5,3,59,63,4,4,69,19,79,23
404.44444444444446,417.41269841269843,3,61,66,5,4,71,19,81,23
401.90625,419.265625,3,62,67,5,4,72,19,82,23
400.5230769230769,421.0615384615385,4,63,69,6,4,73,19,83,24
399.34090909090907,422.8030303030303,5,65,71,6,4,74,19,85,25
397.93283582089555,424.4925373134328,5,66,72,6,4,75,19,86,25
396.56617647058823,426.13235294117646,5,69,74,5,4,75,19,88,25
396.71014492753625,427.72463768115944,5,70,76,6,5,76,19,95,30
395.3,429.27142857142854,5,71,76,5,5,77,19,96,30
394.17605633802816,430.77464788732397,5,72,78,6,5,79,19,97,30
368.0,500,0,0,0,0,1,0,0,5,5
368.0,500,0,0,1,1,1,0,0,5,5
320.1666666666667,468.5,0,0,1,1,1,1,1,5,5
272.625,425.625,0,1,2,1,1,2,1,6,5
228.0,399.9,0,2,4,2,1,2,1,7,5
233.25,382.75,0,3,4,1,1,3,1,8,5
268.0,370.5,0,3,4,1,1,3,1,8,5
320.3125,361.3125,0,4,5,1,1,3,1,8,5
354.44444444444446,355.3333333333333,0,5,6,1,1,4,2,10,5
367.05,350.55,0,5,6,1,1,5,2,10,5
357.95454545454544,353.95454545454544,1,5,6,1,1,5,3,10,6
360.0,354.75,1,6,7,1,1,6,4,11,6
355.0,354.88461538461536,1,6,7,1,1,7,4,11,6
350.7142857142857,349.5,2,7,8,1,1,8,5,12,7
357.26666666666665,344.8333333333333,2,8,9,1,1,9,5,13,7
363.4375,340.75,2,8,9,1,1,9,5,13,7
365.5882352941176,340.2352941176471,2,8,9,1,2,10,6,18,12
355.44444444444446,339.77777777777777,2,8,10,2,2,11,6,18,12
358.3421052631579,339.36842105263156,2,9,10,1,2,11,6,19,12
369.175,339.0,2,10,11,1,2,11,6,19,12
378.9761904761905,341.0,2,12,13,1,2,11,7,22,12
394.40909090909093,344.72727272727275,2,13,15,2,2,12,7,23,12
406.0652173913044,351.6304347826087,2,15,16,1,2,13,8,24,12
414.4166666666667,353.1458333333333,2,15,17,2,2,15,9,25,12
414.82,358.74,2,16,17,1,2,16,10,26,12
407.78846153846155,364.1730769230769,2,16,17,1,2,16,10,26,12
405.94444444444446,369.2037037037037,3,17,19,2,2,17,10,27,13
406.85714285714283,370.125,4,19,20,1,2,18,11,28,14
401.7931034482759,370.98275862068965,5,20,21,1,2,18,11,29,15
400.3333333333333,372.48333333333335,5,21,22,1,2,19,12,31,15
405.1774193548387,373.88709677419354,5,21,23,2,2,19,12,31,15
410.375,375.203125,5,23,24,1,2,21,12,33,15
409.2121212121212,376.43939393939394,5,23,24,1,2,21,12,33,15
409.55882352941177,377.6029411764706,5,24,25,1,2,22,12,34,15
414.0857142857143,378.7,5,25,26,1,3,22,12,39,20
417.19444444444446,379.7361111111111,5,26,27,1,3,23,12,41,20
418.43243243243245,380.7162162162162,5,27,29,2,3,25,12,42,20
418.4078947368421,384.80263157894734,5,28,30,2,3,27,13,42,20
414.88461538461536,388.6794871794872,5,29,31,2,3,28,13,44,20
413.4625,392.3625,5,30,33,3,3,30,13,45,20
411.4268292682927,395.8658536585366,5,32,34,2,3,32,13,47,20
412.07142857142856,399.20238095238096,5,33,36,3,3,34,13,48,20
408.3720930232558,402.3837209302326,5,35,37,2,3,34,13,49,20
407.0681818181818,405.42045454545456,5,36,39,3,3,35,13,51,20
407.14444444444445,408.3222222222222,5,37,40,3,3,37,13,52,20
409.80434782608694,411.0978260869565,5,38,41,3,3,37,13,53,20
413.17021276595744,413.75531914893617,5,38,41,3,3,39,13,53,20
415.0104166666667,416.3020833333333,5,40,43,3,3,40,13,54,20
418.8469387755102,418.7448979591837,5,41,44,3,3,41,13,56,20
425.19,421.09,5,41,45,4,3,42,13,56,20
428.53921568627453,423.34313725490193,5,42,45,3,3,43,13,57,20
428.25961538461536,425.50961538461536,5,43,46,3,3,43,13,58,20
424.5566037735849,427.5943396226415,5,44,47,3,3,44,13,58,20
423.5833333333333,429.60185185185185,5,45,48,3,4,44,13,64,25
423.4727272727273,431.53636363636366,5,45,49,4,4,45,13,65,25
422.24107142857144,433.4017857142857,5,47,51,4,4,47,13,67,25
420.00877192982455,435.20175438596493,5,47,51,4,4,48,13,67,25
417.4310344827586,436.9396551724138,5,48,52,4,4,49,13,68,25
413.93220338983053,438.6186440677966,5,50,54,4,4,51,13,69,25
412.06666666666666,440.2416666666667,5,51,56,5,4,52,13,71,25
410.54918032786884,441.8114754098361,5,52,57,5,4,53,13,72,25
409.25,443.3306451612903,5,53,58,5,4,55,13,73,25
406.6587301587302,444.8015873015873,5,54,59,5,4,55,13,74,25
404.9140625,444.96875,5,55,60,5,4,56,14,75,25
404.4076923076923,445.7769230769231,5,57,61,4,4,58,15,76,25
404.8181818181818,446.56060606060606,5,57,62,5,4,59,15,77,25
403.3880597014925,447.32089552238807,5,58,63,5,4,61,15,78,25
400.6617647058824,448.05882352941177,5,60,64,4,4,63,15,80,25
396.39130434782606,448.77536231884056,5,61,65,4,4,64,15,81,25
394.79285714285714,449.4714285714286,5,61,66,5,4,64,15,81,25
394.22535211267603,450.1478873239437,5,62,66,4,4,67,15,81,25
392.3125,450.80555555555554,5,63,67,4,4,69,15,83,25
392.513698630137,451.44520547945206,5,64,69,5,4,69,15,83,25
393.4189189189189,452.06756756756755,5,65,70,5,5,70,15,90,30
393.18,452.67333333333335,5,67,71,4,5,72,15,92,30
391.75,453.2631578947368,5,69,73,4,5,73,15,93,30
389.94805194805195,453.8376623376623,5,70,75,5,5,74,15,95,30
388.3269230769231,454.3974358974359,6,72,76,4,5,76,15,96,31
386.3481012658228,454.94303797468353,6,73,78,5,5,78,15,98,31
382.66875,455.475,6,74,78,4,5,78,15,99,31
378.4320987654321,455.9938271604938,6,75,80,5,5,79,15,100,31
374.9390243902439,456.5,6,76,80,4,5,80,16,101,31
371.06626506024094,455.22289156626505,6,76,80,4,5,82,17,101,31
368.9940476190476,454.4345238095238,6,76,80,4,5,82,18,101,31
368.7823529411765,454.8588235294118,6,77,81,4,5,82,18,102,31
369.3488372093023,455.2732558139535,6,79,83,4,5,84,18,103,31
368.0,500,0,0,0,0,1,0,0,5,5
368.0,500,0,0,0,0,1,0,0,5,5
383.1666666666667,498.8333333333333,0,0,0,0,1,1,1,5,5
384.625,460.625,0,0,0,0,1,3,1,5,5
357.5,437.7,0,1,1,0,1,4,1,6,5
326.0,422.4166666666667,0,2,3,1,1,6,1,7,5
327.5,402.0,0,3,3,0,1,6,2,8,5
351.375,386.6875,0,3,3,0,1,6,2,8,5
364.1111111111111,374.77777777777777,0,5,5,0,1,7,2,10,5
358.2,373.65,0,5,5,0,1,7,3,10,5
338.09090909090907,377.8181818181818,0,5,5,0,1,7,3,10,5
318.4166666666667,381.2916666666667,1,6,6,0,1,8,3,11,6
308.7692307692308,384.2307692307692,1,6,7,1,1,8,4,11,6
304.0,384.0,1,7,8,1,1,9,4,12,6
311.53333333333336,381.23333333333335,1,7,8,1,1,9,5,12,6
323.375,378.8125,1,7,9,2,1,10,5,12,6
332.38235294117646,376.6764705882353,1,9,10,1,1,10,5,14,6
334.94444444444446,374.77777777777777,1,10,11,1,1,12,5,14,6
339.8157894736842,373.07894736842104,1,11,12,1,1,13,5,15,6
339.125,371.55,1,11,13,2,1,14,5,16,6
343.3333333333333,370.1666666666667,1,12,13,1,1,14,5,17,6
344.77272727272725,368.90909090909093,1,12,13,1,2,15,5,22,11
346.39130434782606,367.7608695652174,1,12,13,1,2,16,5,22,11
351.0833333333333,366.7083333333333,1,12,13,1,2,18,6,22,11
356.38,367.42,1,12,14,2,2,22,9,22,11
365.5769230769231,367.6730769230769,1,13,14,1,2,23,9,23,11
371.6296296296296,367.9074074074074,1,14,15,1,2,24,9,24,11
371.5,372.0,1,15,16,1,2,25,10,25,11
369.08620689655174,375.8103448275862,1,16,17,1,2,26,10,26,11
367.76666666666665,379.3666666666667,1,17,18,1,2,27,10,27,11
365.96774193548384,382.69354838709677,1,18,20,2,2,30,10,28,11
363.734375,385.8125,1,19,21,2,2,32,10,29,11
360.8939393939394,388.74242424242425,1,20,22,2,2,34,10,29,11
361.1029411764706,391.5,1,20,23,3,2,35,10,30,11
365.2,395.62857142857143,1,21,25,4,2,35,11,31,11
365.375,399.52777777777777,1,22,25,3,2,36,11,32,11
368.0,403.2162162162162,1,23,26,3,2,37,11,33,11
369.19736842105266,406.7105263157895,1,24,27,3,2,38,11,34,11
371.6794871794872,410.02564102564105,1,25,29,4,2,39,11,35,11
377.1875,413.175,1,27,30,3,3,41,11,41,16
382.5975609756098,416.1707317073171,1,28,32,4,3,43,11,43,16
390.1666666666667,419.0238095238095,1,29,33,4,3,45,11,44,16
393.3953488372093,421.74418604651163,1,30,33,3,3,45,11,45,16
392.7386363636364,424.34090909090907,1,30,34,4,3,46,11,45,16
391.25555555555553,426.8222222222222,1,31,36,5,3,47,11,46,16
386.10869565217394,429.19565217391306,1,32,37,5,3,48,11,47,16
383.78723404255317,431.468085106383,1,33,38,5,3,49,11,48,16
384.1145833333333,433.6458333333333,1,35,39,4,3,49,11,49,16
382.7857142857143,435.734693877551,1,35,40,5,3,50,11,50,16
381.3,437.74,1,36,41,5,3,51,11,51,16
380.3529411764706,439.6666666666667,1,37,42,5,3,51,11,51,16
380.3173076923077,441.5192307692308,1,38,44,6,3,53,11,53,16
